{"train/loss": 0.0, "train/grad_norm": 1.2540163879748434e-05, "train/learning_rate": 1.5570934256055363e-06, "train/epoch": 10.0, "train/global_step": 28900, "_timestamp": 1710949223.01906, "_runtime": 20998.35906982422, "_step": 56, "eval/loss": 0.00028224915149621665, "eval/runtime": 27.1893, "eval/samples_per_second": 314.426, "eval/steps_per_second": 4.928, "train/train_runtime": 20998.3959, "train/train_samples_per_second": 110.135, "train/train_steps_per_second": 1.376, "train/total_flos": 6.21514304812692e+16, "train/train_loss": 0.020340211094203194, "_wandb": {"runtime": 20998}}