{"train/loss": 7.2946, "train/grad_norm": 0.5596124529838562, "train/learning_rate": 0.00018014113251928464, "train/epoch": 4.0, "train/global_step": 115500, "_timestamp": 1711899225.1076055, "_runtime": 40460.33918237686, "_step": 233, "eval/loss": 9.60718822479248, "eval/bleu": 0.0, "eval/gen_len": 511.0, "eval/runtime": 9449.1364, "eval/samples_per_second": 0.905, "eval/steps_per_second": 0.113}